id,date,ticker,open_price,high_price,low_price,close_price,volume,daily_return_pct,price_range,moving_avg_7,moving_avg_30,moving_avg_50,fetched_at
14880,2026-04-24,JIOFIN,252.0,253.2,244.1,245.73,32701720,-1.1783,9.1,241.42,237.84,245.38,2026-04-25 22:37:17
14879,2026-04-23,JIOFIN,240.0,251.7,238.54,248.66,74432270,4.2556,13.16,240.98,237.39,245.83,2026-04-25 22:37:17
14878,2026-04-22,JIOFIN,234.7,241.15,234.55,238.51,40251820,1.6017,6.6,239.41,237.08,246.25,2026-04-25 22:37:17
14877,2026-04-21,JIOFIN,237.27,237.6,234.1,234.75,46344610,-1.012,3.5,240.08,237.23,246.84,2026-04-25 22:37:17
14876,2026-04-20,JIOFIN,242.0,242.01,234.5,237.15,38415130,-2.7516,7.51,240.67,237.45,247.43,2026-04-25 22:37:17
14875,2026-04-17,JIOFIN,242.02,245.5,240.64,243.86,51452520,1.0735,4.86,242.05,237.84,247.57,2026-04-25 22:37:17
14874,2026-04-16,JIOFIN,244.5,245.0,238.02,241.27,26180400,-0.5728,6.98,240.83,238.23,247.78,2026-04-25 22:37:17
14873,2026-04-15,JIOFIN,242.5,244.25,241.51,242.66,20476590,2.0953,2.74,239.98,238.72,248.04,2026-04-25 22:37:17
14872,2026-04-13,JIOFIN,237.0,238.31,235.26,237.68,15386120,-2.2697,3.05,238.1,239.2,248.29,2026-04-25 22:37:17
14871,2026-04-10,JIOFIN,240.7,243.8,240.0,243.2,12039950,1.8255,3.8,237.28,239.79,248.66,2026-04-25 22:37:17
14870,2026-04-09,JIOFIN,246.0,246.0,236.7,238.84,21124620,-3.2488,9.3,234.55,240.27,248.85,2026-04-25 22:37:17
14869,2026-04-08,JIOFIN,245.1,248.1,242.15,246.86,19911970,4.8995,5.95,233.65,240.93,249.33,2026-04-25 22:37:17
14868,2026-04-07,JIOFIN,233.1,236.0,231.77,235.33,13783440,0.0085,4.23,232.29,241.32,249.66,2026-04-25 22:37:17
14867,2026-04-06,JIOFIN,230.8,236.0,226.1,235.31,16036370,2.5405,9.9,231.92,242.28,250.26,2026-04-25 22:37:17
14866,2026-04-02,JIOFIN,227.85,230.14,223.55,229.48,18541630,-1.0564,6.59,230.6,243.18,251.07,2026-04-25 22:37:17
14865,2026-04-01,JIOFIN,233.04,233.04,228.0,231.93,21603790,3.494,5.04,232.0,244.28,252.05,2026-04-25 22:37:17
14864,2026-03-30,JIOFIN,228.9,231.5,223.3,224.1,25943390,-3.6336,8.2,233.08,245.35,253.16,2026-04-25 22:37:17
14863,2026-03-27,JIOFIN,236.0,236.5,231.55,232.55,19784230,-2.0223,4.95,236.52,246.8,254.37,2026-04-25 22:37:17
14862,2026-03-25,JIOFIN,235.0,241.0,234.75,237.35,15684540,1.9983,6.25,237.24,248.06,255.48,2026-04-25 22:37:17
14861,2026-03-24,JIOFIN,232.85,234.0,227.75,232.7,16119860,2.9191,6.25,236.81,249.15,256.48,2026-04-25 22:37:17
14860,2026-03-23,JIOFIN,236.2,236.3,225.4,226.1,21172060,-5.5161,10.9,237.18,250.37,257.69,2026-04-25 22:37:17
14859,2026-03-20,JIOFIN,242.0,244.25,238.6,239.3,15021100,-0.0626,5.65,239.48,251.77,259.24,2026-04-25 22:37:17
14858,2026-03-19,JIOFIN,242.95,244.85,237.6,239.45,15046010,-3.5254,7.25,239.39,252.79,260.43,2026-04-25 22:37:17
14857,2026-03-18,JIOFIN,238.9,250.5,237.95,248.2,19579980,4.4613,12.55,238.9,253.74,261.65,2026-04-25 22:37:17
14856,2026-03-17,JIOFIN,235.0,238.7,234.35,237.6,10638090,1.3868,4.35,236.62,254.27,262.72,2026-04-25 22:37:17
14855,2026-03-16,JIOFIN,235.0,238.0,230.7,234.35,14936660,-0.3826,7.3,236.87,254.48,263.88,2026-04-25 22:37:17
14854,2026-03-13,JIOFIN,240.0,240.6,234.25,235.25,13328240,-2.8695,6.35,238.12,255.16,265.09,2026-04-25 22:37:17
14853,2026-03-12,JIOFIN,237.4,245.4,234.0,242.2,18865160,1.4663,11.4,238.99,255.8,266.24,2026-04-25 22:37:17
14852,2026-03-11,JIOFIN,237.9,242.8,237.5,238.7,16495790,1.1441,5.3,239.96,256.23,267.27,2026-04-25 22:37:17
14851,2026-03-10,JIOFIN,236.95,237.55,231.35,236.0,23126140,1.6146,6.2,242.34,256.81,268.44,2026-04-25 22:37:17
14850,2026-03-09,JIOFIN,233.95,233.95,226.3,232.25,19524750,-2.9664,7.65,245.22,257.37,269.69,2026-04-25 22:37:17
14849,2026-03-06,JIOFIN,242.2,243.45,238.9,239.35,12566460,-1.5426,4.55,248.75,258.38,271.02,2026-04-25 22:37:17
14848,2026-03-05,JIOFIN,243.5,244.25,237.75,243.1,13760060,0.746,6.5,251.02,259.18,272.21,2026-04-25 22:37:17
14847,2026-03-04,JIOFIN,245.0,245.4,239.8,241.3,13886010,-3.0924,5.6,253.12,259.93,273.29,2026-04-25 22:37:17
14846,2026-03-02,JIOFIN,246.55,252.35,243.55,249.0,18412890,-2.5059,8.8,255.59,261.07,274.31,2026-04-25 22:37:17
14845,2026-02-27,JIOFIN,257.0,259.2,254.65,255.4,13283240,-0.2928,4.55,256.96,262.06,275.19,2026-04-25 22:37:17
14844,2026-02-26,JIOFIN,257.5,258.85,255.35,256.15,8691253,-0.3114,3.5,258.21,263.12,275.99,2026-04-25 22:37:17
14843,2026-02-25,JIOFIN,257.05,259.45,255.65,256.95,8837176,0.666,3.8,259.09,264.07,276.86,2026-04-25 22:37:17
14842,2026-02-24,JIOFIN,257.2,257.2,253.2,255.25,10953960,-0.9891,4.0,259.89,265.11,277.73,2026-04-25 22:37:17
14841,2026-02-23,JIOFIN,260.0,260.4,256.15,257.8,9454337,-0.3094,4.25,261.13,266.18,278.6,2026-04-25 22:37:17
14840,2026-02-20,JIOFIN,258.1,260.75,257.55,258.6,11215170,0.0,3.2,262.52,267.37,279.26,2026-04-25 22:37:17
14839,2026-02-19,JIOFIN,264.1,265.55,257.35,258.6,8482281,-2.0825,8.2,264.19,268.86,279.95,2026-04-25 22:37:17
14838,2026-02-18,JIOFIN,263.0,264.5,261.75,264.1,9451007,0.6862,2.75,265.85,270.2,280.72,2026-04-25 22:37:17
14837,2026-02-17,JIOFIN,262.4,264.2,260.9,262.3,7407032,-0.0952,3.3,266.59,271.41,281.52,2026-04-25 22:37:17
14836,2026-02-16,JIOFIN,262.05,263.25,259.55,262.55,13826570,-0.5304,3.7,267.41,272.72,282.31,2026-04-25 22:37:17
14835,2026-02-13,JIOFIN,265.0,267.25,262.85,263.95,12222310,-1.3455,4.4,268.47,273.82,283.08,2026-04-25 22:37:17
14834,2026-02-12,JIOFIN,270.0,270.1,266.7,267.55,8681589,-1.0174,3.4,269.05,274.86,283.9,2026-04-25 22:37:17
14833,2026-02-11,JIOFIN,271.0,271.6,268.3,270.3,6544008,0.037,3.3,268.53,275.69,284.65,2026-04-25 22:37:17
14832,2026-02-10,JIOFIN,270.0,274.35,269.0,270.2,12632670,0.3528,5.35,264.79,276.48,285.36,2026-04-25 22:37:17
14831,2026-02-09,JIOFIN,270.55,271.4,268.75,269.25,8211716,0.4289,2.65,262.54,277.37,286.09,2026-04-25 22:37:17
14830,2026-02-06,JIOFIN,269.95,270.4,266.5,268.1,8939766,-0.6853,3.9,260.44,278.36,286.86,2026-04-25 22:37:17
14829,2026-02-05,JIOFIN,268.1,271.65,267.5,269.95,15768740,0.7276,4.15,258.59,279.38,287.52,2026-04-25 22:37:17
14828,2026-02-04,JIOFIN,265.0,269.9,263.95,268.0,14556920,1.5536,5.95,256.61,280.34,288.12,2026-04-25 22:37:17
14827,2026-02-03,JIOFIN,260.05,267.0,256.95,263.9,40223290,8.1114,10.05,254.45,281.3,288.83,2026-04-25 22:37:17
14826,2026-02-02,JIOFIN,242.4,245.3,237.0,244.1,17248810,-4.0864,8.3,254.26,282.25,289.72,2026-04-25 22:37:17
14825,2026-01-30,JIOFIN,253.0,257.6,249.55,254.5,13448700,0.0,8.05,257.0,283.89,290.92,2026-04-25 22:37:17
14824,2026-01-29,JIOFIN,255.8,256.85,252.45,254.5,12165350,-0.2743,4.4,258.57,285.24,291.95,2026-04-25 22:37:17
14823,2026-01-28,JIOFIN,257.85,258.4,253.0,255.2,19034680,-0.332,5.4,261.59,286.75,293.1,2026-04-25 22:37:17
14822,2026-01-27,JIOFIN,253.8,257.5,250.2,256.05,14773860,1.2455,7.3,264.96,288.27,294.3,2026-04-25 22:37:17
14821,2026-01-23,JIOFIN,264.0,266.25,252.25,252.9,14857600,-3.6938,14.0,269.39,289.68,295.39,2026-04-25 22:37:17
14820,2026-01-22,JIOFIN,267.0,268.15,259.75,262.6,12282960,-0.2469,8.4,273.91,290.94,296.52,2026-04-25 22:37:17
14819,2026-01-21,JIOFIN,265.3,269.2,262.5,263.25,19266170,-0.8475,6.7,277.58,291.96,297.37,2026-04-25 22:37:17
14818,2026-01-20,JIOFIN,275.1,276.45,263.2,265.5,18750730,-3.6822,13.25,281.01,293.1,298.14,2026-04-25 22:37:17
14817,2026-01-19,JIOFIN,279.4,281.65,274.1,275.65,13006400,-1.1298,7.55,285.01,294.37,298.82,2026-04-25 22:37:17
14816,2026-01-16,JIOFIN,287.0,291.0,277.15,278.8,18934860,-2.8571,13.85,288.99,295.26,299.27,2026-04-25 22:37:17
14815,2026-01-14,JIOFIN,281.95,287.85,281.85,287.0,6701056,0.8433,6.0,291.81,296.0,299.73,2026-04-25 22:37:17
14814,2026-01-13,JIOFIN,289.1,290.2,281.9,284.6,12956770,-1.2663,8.3,293.73,296.59,300.12,2026-04-25 22:37:17
14813,2026-01-12,JIOFIN,287.25,289.0,280.75,288.25,12216470,0.3481,8.25,296.17,297.26,300.57,2026-04-25 22:37:17
14812,2026-01-09,JIOFIN,292.0,294.6,286.15,287.25,11375540,-2.1461,8.45,297.24,297.86,301.0,2026-04-25 22:37:17
14811,2026-01-08,JIOFIN,303.3,304.3,292.15,293.55,12255990,-3.2784,12.15,298.34,298.5,301.45,2026-04-25 22:37:17
14810,2026-01-07,JIOFIN,298.0,306.0,296.65,303.5,20416850,1.658,9.35,298.19,298.98,301.74,2026-04-25 22:37:17
14809,2026-01-06,JIOFIN,300.1,302.3,293.5,298.55,10930690,-0.6158,8.8,296.82,298.89,301.78,2026-04-25 22:37:17
14808,2026-01-05,JIOFIN,301.8,302.45,298.85,300.4,6971528,-0.4309,3.6,296.59,298.94,301.93,2026-04-25 22:37:17
14807,2026-01-02,JIOFIN,295.6,303.0,295.5,301.7,10604970,2.0291,7.5,296.38,299.04,302.1,2026-04-25 22:37:17
14806,2026-01-01,JIOFIN,295.4,296.75,294.15,295.7,3697802,0.2543,2.6,295.95,299.26,302.3,2026-04-25 22:37:17
14805,2025-12-31,JIOFIN,292.6,296.9,292.6,294.95,6540400,0.8376,4.3,296.39,299.56,302.6,2026-04-25 22:37:17
14804,2025-12-30,JIOFIN,293.0,293.85,291.4,292.5,6850674,-0.4933,2.45,296.67,299.92,302.89,2026-04-25 22:37:17
14803,2025-12-29,JIOFIN,297.0,297.55,293.35,293.95,4713140,-1.0103,4.2,296.64,300.57,303.28,2026-04-25 22:37:17
14802,2025-12-26,JIOFIN,298.0,299.8,296.15,296.95,3945249,-0.6524,3.65,296.53,301.27,303.65,2026-04-25 22:37:17
14801,2025-12-24,JIOFIN,298.7,302.6,298.05,298.9,6548391,0.067,4.55,296.29,301.73,303.83,2026-04-25 22:37:17
14800,2025-12-23,JIOFIN,299.55,299.75,297.7,298.7,5346120,-0.0167,2.05,296.39,302.08,304.02,2026-04-25 22:37:17
14799,2025-12-22,JIOFIN,298.0,299.95,297.9,298.75,5136735,0.6062,2.05,296.68,302.29,304.21,2026-04-25 22:37:17
14798,2025-12-19,JIOFIN,294.1,297.8,293.35,296.95,8767177,1.5908,4.45,296.64,302.4,304.38,2026-04-25 22:37:17
14797,2025-12-18,JIOFIN,292.7,293.55,289.75,292.3,6478984,-0.29,3.8,295.76,302.47,304.53,2026-04-25 22:37:17
14796,2025-12-17,JIOFIN,295.0,296.0,291.7,293.15,5906902,-0.7113,4.3,295.89,302.67,304.88,2026-04-25 22:37:17
14795,2025-12-16,JIOFIN,298.05,298.75,294.5,295.25,7141463,-1.4519,4.25,296.47,302.96,305.15,2026-04-25 22:37:17
14794,2025-12-15,JIOFIN,299.0,300.4,297.55,299.6,4850351,-0.3824,2.85,297.69,303.34,305.28,2026-04-25 22:37:17
14793,2025-12-12,JIOFIN,300.0,302.4,298.75,300.75,7955711,0.7706,3.65,298.06,303.58,305.28,2026-04-25 22:37:17
14792,2025-12-11,JIOFIN,291.0,299.0,290.0,298.45,9589482,2.613,9.0,298.1,303.89,305.13,2026-04-25 22:37:17
14791,2025-12-10,JIOFIN,294.0,295.4,289.25,290.85,8655536,-0.8015,6.15,299.01,304.26,305.05,2026-04-25 22:37:17
14790,2025-12-09,JIOFIN,296.15,296.8,288.75,293.2,13376320,-1.3459,8.05,301.0,304.83,305.15,2026-04-25 22:37:17
14789,2025-12-08,JIOFIN,303.0,304.25,295.25,297.2,12432110,-2.1564,9.0,302.86,305.24,305.32,2026-04-25 22:37:17
14788,2025-12-05,JIOFIN,302.0,304.45,300.25,303.75,6506083,0.4963,4.2,304.18,305.54,305.51,2026-04-25 22:37:17
14787,2025-12-04,JIOFIN,301.0,303.45,300.0,302.25,5601692,0.4153,3.45,304.79,305.71,305.68,2026-04-25 22:37:17
14786,2025-12-03,JIOFIN,305.0,305.7,298.45,301.0,8408528,-1.2629,7.25,304.58,306.03,305.92,2026-04-25 22:37:17
14785,2025-12-02,JIOFIN,303.0,307.0,303.0,304.85,8589532,0.0328,4.0,304.41,306.35,306.24,2026-04-25 22:37:17
14784,2025-12-01,JIOFIN,307.1,308.15,303.55,304.75,6225454,-0.4736,4.6,304.23,306.5,306.49,2026-04-25 22:37:17
14783,2025-11-28,JIOFIN,306.15,308.0,305.5,306.2,5488672,-0.0816,2.5,304.74,306.75,306.71,2026-04-25 22:37:17
14782,2025-11-27,JIOFIN,309.0,309.8,305.0,306.45,5565162,-0.5032,4.8,304.49,306.96,306.89,2026-04-25 22:37:17
14781,2025-11-26,JIOFIN,301.5,308.65,301.5,308.0,8885249,2.3936,7.15,304.42,306.93,307.07,2026-04-25 22:37:17
14780,2025-11-25,JIOFIN,299.75,303.4,299.6,300.8,7131282,0.3168,3.8,304.99,306.95,307.13,2026-04-25 22:37:17
14779,2025-11-24,JIOFIN,303.3,304.35,299.1,299.85,12349060,-1.2189,5.25,307.01,307.19,307.33,2026-04-25 22:37:17
14778,2025-11-21,JIOFIN,307.0,308.35,303.0,303.55,5973657,-1.5567,5.35,308.56,307.44,307.54,2026-04-25 22:37:17
14777,2025-11-20,JIOFIN,305.6,309.6,305.2,308.35,7784069,1.281,4.4,309.41,307.48,307.62,2026-04-25 22:37:17
14776,2025-11-19,JIOFIN,305.85,306.4,303.6,304.45,5882303,-0.4903,2.8,308.91,307.53,307.68,2026-04-25 22:37:17
14775,2025-11-18,JIOFIN,311.15,311.85,305.45,305.95,8869128,-1.9391,6.4,308.56,307.59,307.78,2026-04-25 22:37:17
14774,2025-11-17,JIOFIN,316.0,316.85,311.15,312.0,8876003,-0.9209,5.7,307.61,307.45,307.85,2026-04-25 22:37:17
14773,2025-11-14,JIOFIN,311.0,315.7,309.3,314.9,13675540,1.3518,6.4,305.62,307.05,307.88,2026-04-25 22:37:17
14772,2025-11-13,JIOFIN,310.0,316.6,309.7,310.7,15761850,0.3877,6.9,303.76,306.33,307.82,2026-04-25 22:37:17
14771,2025-11-12,JIOFIN,305.3,310.3,305.25,309.5,12029640,1.5087,5.05,303.21,305.78,307.89,2026-04-25 22:37:17
14770,2025-11-11,JIOFIN,302.0,305.65,297.65,304.9,10752130,0.977,8.0,302.82,305.32,307.93,2026-04-25 22:37:17
14769,2025-11-10,JIOFIN,299.65,303.4,299.65,301.95,8870055,0.8854,3.75,303.52,305.21,308.03,2026-04-25 22:37:17
14768,2025-11-07,JIOFIN,297.0,300.15,293.5,299.3,9364502,0.4025,6.65,304.64,305.37,308.31,2026-04-25 22:37:17
14767,2025-11-06,JIOFIN,301.9,303.2,297.5,298.1,8339076,-1.2587,5.7,305.87,305.81,308.72,2026-04-25 22:37:17
14766,2025-11-04,JIOFIN,306.0,306.95,301.35,301.9,8396727,-1.5971,5.6,306.94,306.34,309.17,2026-04-25 22:37:17
14765,2025-11-03,JIOFIN,306.2,308.4,303.5,306.8,8075806,0.0,4.9,307.51,306.84,309.61,2026-04-25 22:37:17
14764,2025-10-31,JIOFIN,309.0,310.95,306.25,306.8,6533999,-0.9684,4.7,307.84,307.2,310.04,2026-04-25 22:37:17
14763,2025-10-30,JIOFIN,310.1,312.8,309.15,309.8,8517048,0.0161,3.65,308.55,307.5,310.53,2026-04-25 22:37:17
14762,2025-10-29,JIOFIN,307.8,310.75,307.6,309.75,8605721,0.5845,3.15,308.68,307.69,310.92,2026-04-25 22:37:17
14761,2025-10-28,JIOFIN,306.1,308.75,305.05,307.95,11236080,0.7855,3.7,308.61,307.87,311.27,2026-04-25 22:37:17
14760,2025-10-27,JIOFIN,306.85,307.9,305.15,305.55,8333968,-0.1307,2.75,309.21,307.98,311.73,2026-04-25 22:37:17
14759,2025-10-24,JIOFIN,310.0,311.15,305.5,305.95,8292307,-1.0031,5.65,310.22,308.15,312.16,2026-04-25 22:37:17
14758,2025-10-23,JIOFIN,312.0,313.85,308.4,309.05,11107310,-0.882,5.45,310.17,308.29,312.59,2026-04-25 22:37:17
14757,2025-10-21,JIOFIN,311.45,313.3,311.05,311.8,3190393,0.354,2.25,310.09,308.25,312.82,2026-04-25 22:37:17
14756,2025-10-20,JIOFIN,309.2,315.8,309.1,310.7,14883900,0.4526,6.7,309.56,308.23,313.09,2026-04-25 22:37:17
14755,2025-10-17,JIOFIN,313.55,314.75,307.05,309.3,13963050,-0.8972,7.7,309.09,308.19,313.39,2026-04-25 22:37:17
14754,2025-10-16,JIOFIN,314.05,314.3,310.6,312.1,10445540,-0.1759,3.7,308.42,308.19,313.86,2026-04-25 22:37:17
14753,2025-10-15,JIOFIN,305.6,312.95,305.6,312.65,14796110,2.3069,7.35,308.11,308.24,314.28,2026-04-25 22:37:17
14752,2025-10-14,JIOFIN,309.65,310.8,305.1,305.6,7420573,-0.924,5.7,307.19,308.21,314.61,2026-04-25 22:37:17
14751,2025-10-13,JIOFIN,306.0,308.8,304.7,308.45,6533659,0.0974,4.1,306.64,308.5,315.07,2026-04-25 22:37:17
14750,2025-10-10,JIOFIN,307.0,310.4,306.65,308.15,7654597,0.2603,3.75,305.44,308.6,315.3,2026-04-25 22:37:17
14749,2025-10-09,JIOFIN,305.3,308.15,305.3,307.35,6279739,0.8863,2.85,303.3,308.67,315.55,2026-04-25 22:37:17
14748,2025-10-08,JIOFIN,309.9,310.95,304.2,304.65,7853613,-1.6941,6.75,301.42,308.95,315.54,2026-04-25 22:37:17
14747,2025-10-07,JIOFIN,306.35,315.0,306.3,309.9,18717960,1.1918,8.7,300.16,309.45,315.66,2026-04-25 22:37:17
14746,2025-10-06,JIOFIN,302.0,306.65,301.5,306.25,8816471,1.5081,5.15,298.98,309.81,315.78,2026-04-25 22:37:17
14745,2025-10-03,JIOFIN,300.05,302.95,298.8,301.7,8773415,0.5499,4.15,299.05,310.39,315.93,2026-04-25 22:37:17
14744,2025-10-01,JIOFIN,294.0,300.85,293.05,300.05,8551743,2.3363,7.8,300.6,311.29,316.11,2026-04-25 22:37:17
14743,2025-09-30,JIOFIN,295.0,296.8,292.2,293.2,10119810,-0.3399,4.6,302.57,312.33,316.44,2026-04-25 22:37:17
14742,2025-09-29,JIOFIN,296.0,299.9,293.4,294.2,9607887,-0.5577,6.5,305.97,313.53,316.9,2026-04-25 22:37:17
14741,2025-09-26,JIOFIN,300.9,301.6,294.35,295.85,11503280,-1.9065,7.25,309.28,314.64,317.37,2026-04-25 22:37:17
14740,2025-09-25,JIOFIN,306.75,308.3,301.0,301.6,12147550,-1.6789,7.3,312.14,315.8,317.84,2026-04-25 22:37:17
14739,2025-09-24,JIOFIN,314.0,314.1,306.0,306.75,11253780,-1.8557,8.1,314.11,316.64,318.22,2026-04-25 22:37:17
14738,2025-09-23,JIOFIN,313.85,315.0,310.75,312.55,11896530,-0.4142,4.25,315.34,317.34,318.46,2026-04-25 22:37:17
14737,2025-09-22,JIOFIN,317.0,319.0,312.8,313.85,7711667,-0.9937,6.2,315.15,317.61,318.71,2026-04-25 22:37:17
14736,2025-09-19,JIOFIN,317.6,321.6,315.8,317.0,17671560,-0.1103,5.8,314.7,317.98,319.06,2026-04-25 22:37:17
14735,2025-09-18,JIOFIN,316.3,317.95,315.9,317.35,9396848,0.4749,2.05,313.71,318.29,319.3,2026-04-25 22:37:17
14734,2025-09-17,JIOFIN,315.9,318.7,315.0,315.85,8836571,0.1268,3.7,312.36,318.79,319.52,2026-04-25 22:37:17
14733,2025-09-16,JIOFIN,315.8,317.8,314.3,315.45,10963420,0.0317,3.5,311.69,319.37,319.76,2026-04-25 22:37:17
14732,2025-09-15,JIOFIN,311.05,316.65,310.0,315.35,14414940,1.3335,6.65,310.82,319.82,319.94,2026-04-25 22:37:17
14731,2025-09-12,JIOFIN,311.05,312.2,310.0,311.2,6049420,0.1609,2.2,309.98,320.27,320.12,2026-04-25 22:37:17
14730,2025-09-11,JIOFIN,310.05,312.5,309.95,310.7,6146666,0.2097,2.55,310.34,320.55,320.42,2026-04-25 22:37:17
14729,2025-09-10,JIOFIN,310.0,313.4,309.25,310.05,10838910,0.6819,4.15,310.49,320.88,320.79,2026-04-25 22:37:17
14728,2025-09-09,JIOFIN,311.1,312.35,307.25,307.95,10103720,-1.0125,5.1,311.06,320.78,321.11,2026-04-25 22:37:17
14727,2025-09-08,JIOFIN,310.75,313.35,309.6,311.1,6198613,0.5495,3.75,311.59,320.87,321.41,2026-04-25 22:37:17
14726,2025-09-05,JIOFIN,310.0,313.9,308.9,309.4,8618197,-0.0162,5.0,311.45,321.03,321.43,2026-04-25 22:37:17
14725,2025-09-04,JIOFIN,315.25,316.0,309.0,309.45,10392900,-1.3548,7.0,312.36,321.19,321.3,2026-04-25 22:37:17
14724,2025-09-03,JIOFIN,311.0,314.7,309.8,313.7,11360600,0.6255,4.9,313.82,321.21,321.12,2026-04-25 22:37:17
14723,2025-09-02,JIOFIN,314.2,316.25,311.0,311.75,13220790,-0.7324,5.25,314.81,321.32,320.7,2026-04-25 22:37:17
14722,2025-09-01,JIOFIN,311.7,314.5,307.2,314.05,11486200,0.7539,7.3,316.54,321.47,320.34,2026-04-25 22:37:17
14721,2025-08-29,JIOFIN,311.0,316.65,309.35,311.7,17274980,0.516,7.3,318.59,321.59,319.73,2026-04-25 22:37:17
14720,2025-08-28,JIOFIN,315.75,316.9,309.5,310.1,15243090,-1.7894,7.4,321.39,321.84,319.25,2026-04-25 22:37:17
14719,2025-08-26,JIOFIN,319.5,320.15,314.2,315.75,10076770,-1.2355,5.95,324.14,322.19,318.83,2026-04-25 22:37:17
14718,2025-08-25,JIOFIN,322.0,322.35,318.35,319.7,11445520,-0.2807,4.0,325.81,322.28,318.39,2026-04-25 22:37:17
14717,2025-08-22,JIOFIN,324.8,326.3,320.1,320.6,8800338,-1.0036,6.2,327.36,322.47,317.87,2026-04-25 22:37:17
14716,2025-08-21,JIOFIN,329.0,329.4,322.6,323.85,10947440,-1.4005,6.8,328.28,322.82,317.37,2026-04-25 22:37:17
14715,2025-08-20,JIOFIN,330.85,331.0,327.05,328.45,8822662,-0.8602,3.95,328.84,323.0,316.94,2026-04-25 22:37:17
14714,2025-08-19,JIOFIN,330.0,333.2,328.45,331.3,8842923,0.5921,4.75,327.72,323.0,316.41,2026-04-25 22:37:17
14713,2025-08-18,JIOFIN,331.25,333.7,327.6,329.35,9341169,0.5956,6.1,326.82,322.88,315.86,2026-04-25 22:37:17
14712,2025-08-14,JIOFIN,330.6,331.95,325.85,327.4,8079069,-0.9679,6.1,326.35,322.71,315.15,2026-04-25 22:37:17
14711,2025-08-13,JIOFIN,328.6,332.6,328.6,330.6,11363620,1.1009,4.0,327.05,322.62,314.42,2026-04-25 22:37:17
14710,2025-08-12,JIOFIN,327.95,331.7,326.55,327.0,10094420,-0.2288,5.15,327.45,322.47,313.61,2026-04-25 22:37:17
14709,2025-08-11,JIOFIN,321.0,328.6,320.8,327.75,11342710,2.2143,7.8,327.73,322.54,312.74,2026-04-25 22:37:17
14708,2025-08-08,JIOFIN,324.59,325.49,319.6,320.65,10312940,-1.3364,5.89,327.87,322.49,311.9,2026-04-25 22:37:17
14707,2025-08-07,JIOFIN,322.5,327.49,316.31,324.99,16461900,-0.3215,11.18,327.75,322.57,311.21,2026-04-25 22:37:17
14706,2025-08-06,JIOFIN,332.68,333.08,325.09,326.04,11615130,-1.8928,7.99,327.13,322.13,310.46,2026-04-25 22:37:17
14705,2025-08-05,JIOFIN,333.93,338.07,330.98,332.33,16052990,-0.3145,7.09,324.39,321.36,309.74,2026-04-25 22:37:17
14704,2025-08-04,JIOFIN,329.34,334.98,328.09,333.38,19850630,1.3353,6.89,321.31,320.29,308.91,2026-04-25 22:37:17
14703,2025-08-01,JIOFIN,329.44,332.18,325.49,328.99,19635750,0.0759,6.69,318.82,318.94,307.87,2026-04-25 22:37:17
14702,2025-07-31,JIOFIN,316.51,332.13,315.96,328.74,49292430,2.7943,16.17,316.67,317.76,306.91,2026-04-25 22:37:17
14701,2025-07-30,JIOFIN,322.5,323.5,319.2,319.8,15393960,-0.2491,4.29,314.04,316.26,305.82,2026-04-25 22:37:17
14700,2025-07-29,JIOFIN,305.82,322.0,305.82,320.6,27086580,4.4737,16.17,313.6,315.19,304.9,2026-04-25 22:37:17
14699,2025-07-28,JIOFIN,310.77,315.36,306.02,306.87,15732700,-1.253,9.34,313.0,314.15,303.91,2026-04-25 22:37:17
14698,2025-07-25,JIOFIN,315.06,315.06,309.72,310.77,10957080,-1.6432,5.34,314.54,313.71,303.31,2026-04-25 22:37:17
14697,2025-07-24,JIOFIN,314.51,318.9,312.96,315.96,11348070,0.636,5.94,315.72,313.14,302.62,2026-04-25 22:37:17
14696,2025-07-23,JIOFIN,311.11,314.71,311.11,313.96,9726960,1.1744,3.59,316.4,312.46,301.77,2026-04-25 22:37:17
14695,2025-07-22,JIOFIN,317.5,317.95,309.37,310.32,15797940,-2.0331,8.59,317.06,312.06,300.83,2026-04-25 22:37:17
14694,2025-07-21,JIOFIN,317.7,320.3,313.61,316.76,16996840,0.1262,6.69,319.2,311.8,299.97,2026-04-25 22:37:17
14693,2025-07-18,JIOFIN,320.0,323.45,313.26,316.36,29776470,-0.4086,10.18,321.26,311.36,298.88,2026-04-25 22:37:17
14692,2025-07-17,JIOFIN,319.6,320.45,316.86,317.65,12037730,-0.4381,3.59,323.11,310.6,297.51,2026-04-25 22:37:17
14691,2025-07-16,JIOFIN,320.5,322.2,318.15,319.05,14151920,-0.5137,4.04,324.64,309.72,296.18,2026-04-25 22:37:17
14690,2025-07-15,JIOFIN,320.6,322.05,317.8,320.7,12753150,0.6581,4.24,325.85,308.75,294.91,2026-04-25 22:37:17
14689,2025-07-14,JIOFIN,324.49,327.19,317.16,318.6,17980880,-2.0565,10.03,326.38,307.5,293.52,2026-04-25 22:37:17
14688,2025-07-11,JIOFIN,330.48,330.48,324.49,325.29,14554940,-1.7639,5.99,327.23,306.42,292.35,2026-04-25 22:37:17
14687,2025-07-10,JIOFIN,329.99,332.88,328.49,331.13,13973000,0.5457,4.39,327.36,305.11,291.01,2026-04-25 22:37:17
14686,2025-07-09,JIOFIN,328.49,334.78,328.24,329.34,24522730,0.3041,6.54,327.07,303.66,289.59,2026-04-25 22:37:17
14685,2025-07-08,JIOFIN,328.49,330.19,324.24,328.34,13953330,0.2439,5.94,326.63,302.34,288.15,2026-04-25 22:37:17
14684,2025-07-07,JIOFIN,324.44,329.19,322.55,327.54,13172850,0.954,6.64,325.86,301.1,286.73,2026-04-25 22:37:17
14683,2025-07-04,JIOFIN,325.49,327.09,322.85,324.44,9623498,-0.0308,4.24,323.64,299.55,285.23,2026-04-25 22:37:17
14682,2025-07-03,JIOFIN,327.04,328.24,324.04,324.54,11497040,-0.5051,4.19,320.55,298.12,283.91,2026-04-25 22:37:17
14681,2025-07-02,JIOFIN,329.69,330.43,324.54,326.19,13385180,-0.8799,5.89,317.09,296.44,,2026-04-25 22:37:17
14680,2025-07-01,JIOFIN,327.69,331.38,326.59,329.09,20683380,0.8722,4.79,312.31,294.69,,2026-04-25 22:37:17
14679,2025-06-30,JIOFIN,326.39,331.38,324.69,326.24,36746290,1.0203,6.69,307.26,292.76,,2026-04-25 22:37:17
14678,2025-06-27,JIOFIN,313.61,328.79,312.36,322.95,60666210,3.504,16.42,301.18,291.1,,2026-04-25 22:37:17
14677,2025-06-26,JIOFIN,304.33,312.41,303.63,312.01,37158990,3.0333,8.79,296.15,289.56,,2026-04-25 22:37:17
14676,2025-06-25,JIOFIN,303.23,304.48,301.53,302.83,11854470,0.8311,2.95,292.91,288.27,,2026-04-25 22:37:17
14675,2025-06-24,JIOFIN,297.54,303.93,296.64,300.33,24073040,2.6096,7.29,291.6,287.08,,2026-04-25 22:37:17
14674,2025-06-23,JIOFIN,288.1,295.44,287.0,292.69,13408530,-0.3738,8.44,290.64,285.96,,2026-04-25 22:37:17
14673,2025-06-20,JIOFIN,282.76,294.54,282.56,293.79,21062460,3.5727,11.98,291.05,284.96,,2026-04-25 22:37:17
14672,2025-06-19,JIOFIN,289.05,290.15,282.26,283.66,13910920,-1.4055,7.89,292.24,283.43,,2026-04-25 22:37:17
14671,2025-06-18,JIOFIN,288.55,292.19,286.9,287.7,8400088,-0.5694,5.29,294.91,282.34,,2026-04-25 22:37:17
14670,2025-06-17,JIOFIN,294.54,295.04,288.95,289.35,8857573,-1.4788,6.09,297.21,281.28,,2026-04-25 22:37:17
14669,2025-06-16,JIOFIN,293.04,294.49,287.05,293.69,16256310,0.034,7.44,297.81,279.99,,2026-04-25 22:37:17
14668,2025-06-13,JIOFIN,287.55,294.84,287.35,293.59,16908690,-0.6588,7.49,297.43,278.88,,2026-04-25 22:37:17
14667,2025-06-12,JIOFIN,303.38,303.38,294.54,295.54,16175000,-2.1973,8.84,296.9,277.7,,2026-04-25 22:37:17
14666,2025-06-11,JIOFIN,303.03,306.32,299.23,302.18,17551030,-0.0495,7.09,295.18,276.52,,2026-04-25 22:37:17
14665,2025-06-10,JIOFIN,305.32,306.37,301.63,302.33,15246190,-0.4766,4.74,292.86,275.02,,2026-04-25 22:37:17
14664,2025-06-09,JIOFIN,295.54,305.02,295.19,303.78,26608260,3.4864,9.83,290.56,273.53,,2026-04-25 22:37:17
14663,2025-06-06,JIOFIN,291.55,296.44,290.05,293.54,15858710,0.8576,6.39,288.22,271.82,,2026-04-25 22:37:17
14662,2025-06-05,JIOFIN,291.55,292.54,289.1,291.05,11867060,0.3961,3.44,287.7,270.65,,2026-04-25 22:37:17
14661,2025-06-04,JIOFIN,283.46,291.25,282.06,289.9,13640670,2.2719,9.19,287.69,,,2026-04-25 22:37:17
14660,2025-06-03,JIOFIN,287.3,290.35,282.66,283.46,9276084,-0.8902,7.69,286.46,,,2026-04-25 22:37:17
14659,2025-06-02,JIOFIN,286.5,288.75,282.96,286.0,12638710,-0.0698,5.79,286.15,,,2026-04-25 22:37:17
14658,2025-05-30,JIOFIN,287.55,290.55,285.16,286.2,17881680,-0.4169,5.39,284.46,,,2026-04-25 22:37:17
14657,2025-05-29,JIOFIN,291.3,291.6,285.06,287.4,15854790,-0.861,6.54,282.7,,,2026-04-25 22:37:17
14656,2025-05-28,JIOFIN,295.59,298.78,288.35,289.9,37169000,-0.3603,10.43,280.36,,,2026-04-25 22:37:17
14655,2025-05-27,JIOFIN,279.56,292.44,278.67,290.95,24400390,3.425,13.78,278.47,,,2026-04-25 22:37:17
14654,2025-05-26,JIOFIN,282.31,284.26,280.91,281.31,8653797,0.0,3.34,276.41,,,2026-04-25 22:37:17
14653,2025-05-23,JIOFIN,274.52,283.21,274.12,281.31,13548310,2.6225,9.09,275.26,,,2026-04-25 22:37:17
14652,2025-05-22,JIOFIN,274.02,276.92,270.98,274.12,13207450,0.0729,5.94,273.23,,,2026-04-25 22:37:17
14651,2025-05-21,JIOFIN,271.08,275.07,269.93,273.92,10476510,1.0683,5.14,272.21,,,2026-04-25 22:37:17
14650,2025-05-20,JIOFIN,276.67,277.57,270.43,271.03,12885410,-2.0213,7.14,270.58,,,2026-04-25 22:37:17
14649,2025-05-19,JIOFIN,276.57,278.92,275.32,276.62,10202020,0.0181,3.59,267.28,,,2026-04-25 22:37:17
14648,2025-05-16,JIOFIN,273.67,277.52,272.62,276.57,13449060,1.2057,4.89,263.63,,,2026-04-25 22:37:17
14647,2025-05-15,JIOFIN,267.58,274.17,265.09,273.27,16201350,2.3178,9.09,260.65,,,2026-04-25 22:37:17
14646,2025-05-14,JIOFIN,268.38,269.53,264.79,267.08,13255750,0.0374,4.74,257.44,,,2026-04-25 22:37:17
14645,2025-05-13,JIOFIN,262.79,268.53,261.09,266.98,19305040,1.7117,7.44,256.46,,,2026-04-25 22:37:17
14644,2025-05-12,JIOFIN,258.55,263.09,256.6,262.49,19437050,5.8587,6.49,255.23,,,2026-04-25 22:37:17
14643,2025-05-09,JIOFIN,243.72,249.61,241.62,247.96,25011070,-1.2328,7.99,254.88,,,2026-04-25 22:37:17
14642,2025-05-08,JIOFIN,255.7,257.9,249.01,251.06,14849940,-1.8157,8.89,256.2,,,2026-04-25 22:37:17
14641,2025-05-07,JIOFIN,244.67,256.3,244.67,255.7,19393390,1.9506,11.63,257.12,,,2026-04-25 22:37:17
14640,2025-05-06,JIOFIN,258.85,260.34,250.01,250.81,18568700,-3.6071,10.33,256.69,,,2026-04-25 22:37:17
14639,2025-05-05,JIOFIN,259.2,261.99,258.9,260.19,10986240,0.6955,3.1,257.77,,,2026-04-25 22:37:17
14638,2025-05-02,JIOFIN,262.49,264.79,257.35,258.4,20015940,-0.6221,7.44,,,,2026-04-25 22:37:17
14637,2025-04-30,JIOFIN,255.6,262.89,254.8,260.01,32058330,1.083,8.09,,,,2026-04-25 22:37:17
14636,2025-04-29,JIOFIN,257.7,259.35,255.2,257.23,12494830,-0.1047,4.14,,,,2026-04-25 22:37:17
14635,2025-04-28,JIOFIN,252.0,259.3,251.91,257.5,19380920,1.9166,7.39,,,,2026-04-25 22:37:17
14634,2025-04-25,JIOFIN,258.38,261.21,248.71,252.66,33348710,-2.2142,12.5,,,,2026-04-25 22:37:17
14633,2025-04-24,JIOFIN,257.6,259.4,256.1,258.38,17152000,,3.29,,,,2026-04-25 22:37:17
993,2025-04-23,JIOFIN,251.60764332053552,258.1474329727861,250.99859246341393,257.73809814453125,37568330,,7.14884050937215,,,,2026-04-23 14:31:54.524782